Lipari Necr. Contrada Diana T. 424,Meligunis-Lipara II p. 219 note 11
Lipari Necr. Contrada Diana T. 424,Olynthus XIII p 73 n. 23
Lipari Necr. Contrada Diana T. 424,"Ampurias I tab VIII 7,8; XI 7-19"
Lipari Necr. Contrada Diana T. 424,Meligunis-Lipara II p. 211 RF Attic Kylix
Lipari Necr. Contrada Diana T. 424,Meligunis-Lipara II p. 219 note 20
Lipari Necr. Contrada Diana T. 424,Meligunis-Lipara II p. 211 RF Attic Lekythos 470-460 BCE
Lipari Necr. Contrada Diana T. 418,Meligunis-Lipara II p. 211 RF Attic Kylix
Lipari Necr. Contrada Diana T. 418,Meligunis-Lipara II p. 219 note 20
Lipari Necr. Contrada Diana T. 418,Olynthus XIII n 647
Lipari Necr. Contrada Diana T. 418,Olynthus XIII n 648
Lipari Necr. Contrada Diana T. 418,Olynthus XIII n 649
Lipari Necr. Contrada Diana T. 418,Olynthus XIII n 651
Lipari Necr. Contrada Diana T. 418,Meligunis-Lipara II p. 211 RF Attic Lekythos 470-460 BCE
Lipari Necr. Contrada Diana T. 418,Meligunis-Lipara II p. 214 RF Local Skyphos Ovoid Two Horizontal Lines Variant
Lipari Necr. Contrada Diana T. 394,Meligunis-Lipara II p. 211 RF Attic Kylix
Lipari Necr. Contrada Diana T. 394,Meligunis-Lipara II p. 219 note 20
Lipari Necr. Contrada Diana T. 394,Olynthus XIII n 647
Lipari Necr. Contrada Diana T. 394,Olynthus XIII n 648
Lipari Necr. Contrada Diana T. 394,Olynthus XIII n 649
Lipari Necr. Contrada Diana T. 394,Olynthus XIII n 651
Lipari Necr. Contrada Diana T. 394,Meligunis-Lipara II p. 212 RF Attic Imitation Kylix
Lipari Necr. Contrada Diana T. 233,RF Icarus Painter
Lipari Necr. Contrada Diana T. 233,RF Providence Painter
Lipari Necr. Contrada Diana T. 233,Meligunis-Lipara II p. 211 RF Attic Lekythos 470-460 BCE
Lipari Necr. Contrada Diana T. 135,Meligunis-Lipara II p. 211 RF Attic Lekythos 470-460 BCE
Lipari Necr. Contrada Diana T. 376,Meligunis-Lipara II p. 214 RF Local Skyphos Ovoid Two Horizontal Lines Variant
Lipari Necr. Contrada Diana T. 19,Meligunis-Lipara II p. 219 note 29
Lipari Necr. Contrada Diana T. 19,Meligunis-Lipara II p. 219 note 31
Lipari Necr. Contrada Diana T. 400,Meligunis-Lipara II p. 211 RF Attic Kylix quasi-hemispheric
Lipari Necr. Contrada Diana T. 235,Meligunis-Lipara II p. 219 note 31
Lipari Necr. Contrada Diana T. 398,Meligunis-Lipara II p. 211 RF Attic Lekythos 470-460 BCE
Lipari Necr. Contrada Diana T. 398,Meligunis-Lipara II p. 211 RF Attic Kylix quasi-hemispheric
Lipari Necr. Contrada Diana T. 398,Meligunis-Lipara II p. 223 RF Lekane decorative
Lipari Necr. Contrada Diana T. 410,Meligunis-Lipara II p. 219 note 31
Lipari Necr. Contrada Diana T. 410,Meligunis-Lipara II p. 219 note 30
Lipari Necr. Contrada Diana T. 410,Olynthus XIII n 785
Lipari Necr. Contrada Diana T. 410,Olynthus XIII n 786
Lipari Necr. Contrada Diana T. 410,Olynthus XIII n 787
Lipari Necr. Contrada Diana T. 416,Meligunis-Lipara II p. 211 RF Attic coppa-skyphoide a profilo carenato
Lipari Necr. Contrada Diana T. 267,Meligunis-Lipara II p. 219 note 31
Lipari Necr. Contrada Diana T. 267,Meligunis-Lipara II p. 219 note 30
Lipari Necr. Contrada Diana T. 267,Olynthus XIII n 785
Lipari Necr. Contrada Diana T. 267,Olynthus XIII n 786
Lipari Necr. Contrada Diana T. 267,Olynthus XIII n 787
Lipari Necr. Contrada Diana T. 267,Meligunis-Lipara II p. 219 note 29 bis
Lipari Necr. Contrada Diana T. 331 bis,Meligunis-Lipara II p. 219 note 30
Lipari Necr. Contrada Diana T. 331 bis,Olynthus XIII n 785
Lipari Necr. Contrada Diana T. 331 bis,Olynthus XIII n 786
Lipari Necr. Contrada Diana T. 331 bis,Olynthus XIII n 787
Lipari Necr. Contrada Diana T. 207 bis,Meligunis-Lipara II p. 211 End of 4th c. BCE
Lipari Necr. Contrada Diana T. 228,Meligunis-Lipara II p. 219 note 30
Lipari Necr. Contrada Diana T. 228,Olynthus XIII n 785
Lipari Necr. Contrada Diana T. 228,Olynthus XIII n 786
Lipari Necr. Contrada Diana T. 228,Olynthus XIII n 787
Lipari Necr. Contrada Diana T. 228,Meligunis-Lipara II p. 212 RF Attic Imitation Kylix
Lipari Necr. Contrada Diana T. 268,Meligunis-Lipara II p. 219 note 30
Lipari Necr. Contrada Diana T. 268,Olynthus XIII n 785
Lipari Necr. Contrada Diana T. 268,Olynthus XIII n 786
Lipari Necr. Contrada Diana T. 268,Olynthus XIII n 787
Lipari Necr. Contrada Diana T. 268,Meligunis-Lipara II p. 212 RF Attic Imitation Kylix
Lipari Necr. Contrada Diana T. 351,Meligunis-Lipara II p. 212 RF Attic Imitation Kylix
Lipari Necr. Contrada Diana T. 369,Meligunis-Lipara II p. 212 RF Attic Imitation Kylix
Lipari Necr. Contrada Diana T. 419,Meligunis-Lipara II p. 212 RF Attic Imitation Kylix
Lipari Necr. Contrada Diana T. 467,Meligunis-Lipara II p. 212 RF Attic Imitation Kylix
Lipari Necr. Contrada Diana T. 417,Meligunis-Lipara II p. 211 RF Attic Lekythos 470-460 BCE
Lipari Necr. Contrada Diana T. 417,Meligunis-Lipara II p. 219 note 30
Lipari Necr. Contrada Diana T. 417,Olynthus XIII n 785
Lipari Necr. Contrada Diana T. 417,Olynthus XIII n 786
Lipari Necr. Contrada Diana T. 417,Olynthus XIII n 787
Lipari Necr. Contrada Diana T. 417,Meligunis-Lipara II p. 220 note 32
Lipari Necr. Contrada Diana T. 417,Olynthus XIII n 570
Lipari Necr. Contrada Diana T. 417,Olynthus XIII n 571
Lipari Necr. Contrada Diana T. 417,Olynthus XIII n 573
Lipari Necr. Contrada Diana T. 417,Olynthus XIII n 574
Lipari Necr. Contrada Diana T. 363,Meligunis-Lipara II p. 214 RF Local Skyphos Ovoid Two Horizontal Lines Variant
Lipari Necr. Contrada Diana T. 363,Meligunis-Lipara II p. 220 note 32
Lipari Necr. Contrada Diana T. 363,Olynthus XIII n 570
Lipari Necr. Contrada Diana T. 363,Olynthus XIII n 571
Lipari Necr. Contrada Diana T. 363,Olynthus XIII n 573
Lipari Necr. Contrada Diana T. 363,Olynthus XIII n 574
Lipari Necr. Contrada Diana T. 85,Meligunis-Lipara II p. 212 RF Attic Imitation Kylix
Lipari Necr. Contrada Diana T. 85,Meligunis-Lipara II p. 219 note 29 bis
Lipari Necr. Contrada Diana T. 370,Meligunis-Lipara II p. 211 RF Attic Lekythos 470-460 BCE
Lipari Necr. Contrada Diana T. 370,Meligunis-Lipara II p. 211 RF Attic coppa-skyphoide a profilo carenato
Lipari Necr. Contrada Diana T. 370,Meligunis-Lipara II p. 220 note 32
Lipari Necr. Contrada Diana T. 370,Olynthus XIII n 570
Lipari Necr. Contrada Diana T. 370,Olynthus XIII n 571
Lipari Necr. Contrada Diana T. 370,Olynthus XIII n 573
Lipari Necr. Contrada Diana T. 370,Olynthus XIII n 574
Lipari Necr. Contrada Diana T. 370,Meligunis-Lipara II p. 214 RF Local Skyphos Ovoid Two Horizontal Lines
Lipari Necr. Contrada Diana T. 239,Meligunis-Lipara II p. 211 End of 4th c. BCE
Lipari Necr. Contrada Diana T. 239,"Ampurias I tab 4, Nri 7-11"
Lipari Necr. Contrada Diana T. 239,Meligunis-Lipara II p. 219 note 17
Lipari Necr. Contrada Diana T. 239,"Olynthus XIII pp. 146-150, tab 101-106"
Lipari Necr. Contrada Diana T. 239,Meligunis-Lipara II p. 220 note 32
Lipari Necr. Contrada Diana T. 239,Olynthus XIII n 570
Lipari Necr. Contrada Diana T. 239,Olynthus XIII n 571
Lipari Necr. Contrada Diana T. 239,Olynthus XIII n 573
Lipari Necr. Contrada Diana T. 239,Olynthus XIII n 574
Lipari Necr. Contrada Diana T. 45,Meligunis-Lipara II p. 219 note 30
Lipari Necr. Contrada Diana T. 45,Olynthus XIII n 785
Lipari Necr. Contrada Diana T. 45,Olynthus XIII n 786
Lipari Necr. Contrada Diana T. 45,Olynthus XIII n 787
Lipari Necr. Contrada Diana T. 45,Meligunis-Lipara II p. 220 note 32
Lipari Necr. Contrada Diana T. 45,Olynthus XIII n 570
Lipari Necr. Contrada Diana T. 45,Olynthus XIII n 571
Lipari Necr. Contrada Diana T. 45,Olynthus XIII n 573
Lipari Necr. Contrada Diana T. 45,Olynthus XIII n 574
Lipari Necr. Contrada Diana T. 45,Meligunis-Lipara II p. 211 RF Attic Kylix Apodos
Lipari Necr. Contrada Diana T. 164,Meligunis-Lipara II p. 212 RF Attic Imitation Kylix
Lipari Necr. Contrada Diana T. 164,Meligunis-Lipara II p. 220 note 32
Lipari Necr. Contrada Diana T. 164,Olynthus XIII n 570
Lipari Necr. Contrada Diana T. 164,Olynthus XIII n 571
Lipari Necr. Contrada Diana T. 164,Olynthus XIII n 573
Lipari Necr. Contrada Diana T. 164,Olynthus XIII n 574
Lipari Necr. Contrada Diana T. 190,Meligunis-Lipara II p. 212 RF Attic Imitation Kylix
Lipari Necr. Contrada Diana T. 190,Meligunis-Lipara II p. 220 note 32
Lipari Necr. Contrada Diana T. 190,Olynthus XIII n 570
Lipari Necr. Contrada Diana T. 190,Olynthus XIII n 571
Lipari Necr. Contrada Diana T. 190,Olynthus XIII n 573
Lipari Necr. Contrada Diana T. 190,Olynthus XIII n 574
Lipari Necr. Contrada Diana T. 18,Meligunis-Lipara II p. 212 RF Local Patera Palmette-Semicircles
Lipari Necr. Contrada Diana T. 18,Meligunis-Lipara II p. 219 note 29 bis
Lipari Necr. Contrada Diana T. 18,Meligunis-Lipara II p. 220 note 32
Lipari Necr. Contrada Diana T. 18,Olynthus XIII n 570
Lipari Necr. Contrada Diana T. 18,Olynthus XIII n 571
Lipari Necr. Contrada Diana T. 18,Olynthus XIII n 573
Lipari Necr. Contrada Diana T. 18,Olynthus XIII n 574
Lipari Necr. Contrada Diana T. 396,Meligunis-Lipara II p. 212 RF Local Patera Palmette-Semicircles
Lipari Necr. Contrada Diana T. 396,Meligunis-Lipara II p. 219 note 29 bis
Lipari Necr. Contrada Diana T. 396,Meligunis-Lipara II p. 220 note 32
Lipari Necr. Contrada Diana T. 396,Olynthus XIII n 570
Lipari Necr. Contrada Diana T. 396,Olynthus XIII n 571
Lipari Necr. Contrada Diana T. 396,Olynthus XIII n 573
Lipari Necr. Contrada Diana T. 396,Olynthus XIII n 574
Lipari Necr. Contrada Diana T. 262,Meligunis-Lipara II p. 219 note 29 bis
Lipari Necr. Contrada Diana T. 262,Meligunis-Lipara II p. 220 note 32
Lipari Necr. Contrada Diana T. 262,Olynthus XIII n 570
Lipari Necr. Contrada Diana T. 262,Olynthus XIII n 571
Lipari Necr. Contrada Diana T. 262,Olynthus XIII n 573
Lipari Necr. Contrada Diana T. 262,Olynthus XIII n 574
Lipari Necr. Contrada Diana T. 47,Meligunis-Lipara II p. 219 note 29 bis
Lipari Necr. Contrada Diana T. 47,Meligunis-Lipara II p. 220 note 32
Lipari Necr. Contrada Diana T. 47,Olynthus XIII n 570
Lipari Necr. Contrada Diana T. 47,Olynthus XIII n 571
Lipari Necr. Contrada Diana T. 47,Olynthus XIII n 573
Lipari Necr. Contrada Diana T. 47,Olynthus XIII n 574
Lipari Necr. Contrada Diana T. 207,Meligunis-Lipara II p. 220 note 32
Lipari Necr. Contrada Diana T. 207,Olynthus XIII n 570
Lipari Necr. Contrada Diana T. 207,Olynthus XIII n 571
Lipari Necr. Contrada Diana T. 207,Olynthus XIII n 573
Lipari Necr. Contrada Diana T. 207,Olynthus XIII n 574
Lipari Necr. Contrada Diana T. 222,Meligunis-Lipara II p. 220 note 32
Lipari Necr. Contrada Diana T. 222,Olynthus XIII n 570
Lipari Necr. Contrada Diana T. 222,Olynthus XIII n 571
Lipari Necr. Contrada Diana T. 222,Olynthus XIII n 573
Lipari Necr. Contrada Diana T. 222,Olynthus XIII n 574
Lipari Necr. Contrada Diana T. 32,Meligunis-Lipara II p. 220 note 32
Lipari Necr. Contrada Diana T. 32,Olynthus XIII n 570
Lipari Necr. Contrada Diana T. 32,Olynthus XIII n 571
Lipari Necr. Contrada Diana T. 32,Olynthus XIII n 573
Lipari Necr. Contrada Diana T. 32,Olynthus XIII n 574
Lipari Necr. Contrada Diana T. 332 bis,Meligunis-Lipara II p. 220 note 32
Lipari Necr. Contrada Diana T. 332 bis,Olynthus XIII n 570
Lipari Necr. Contrada Diana T. 332 bis,Olynthus XIII n 571
Lipari Necr. Contrada Diana T. 332 bis,Olynthus XIII n 573
Lipari Necr. Contrada Diana T. 332 bis,Olynthus XIII n 574
Lipari Necr. Contrada Diana T. 420,Meligunis-Lipara II p. 220 note 32
Lipari Necr. Contrada Diana T. 420,Olynthus XIII n 570
Lipari Necr. Contrada Diana T. 420,Olynthus XIII n 571
Lipari Necr. Contrada Diana T. 420,Olynthus XIII n 573
Lipari Necr. Contrada Diana T. 420,Olynthus XIII n 574
Lipari Necr. Contrada Diana T. 52,Meligunis-Lipara II p. 220 note 32
Lipari Necr. Contrada Diana T. 52,Olynthus XIII n 570
Lipari Necr. Contrada Diana T. 52,Olynthus XIII n 571
Lipari Necr. Contrada Diana T. 52,Olynthus XIII n 573
Lipari Necr. Contrada Diana T. 52,Olynthus XIII n 574
Lipari Necr. Contrada Diana T. 414,Meligunis-Lipara II p. 220 note 32
Lipari Necr. Contrada Diana T. 414,Olynthus XIII n 570
Lipari Necr. Contrada Diana T. 414,Olynthus XIII n 571
Lipari Necr. Contrada Diana T. 414,Olynthus XIII n 573
Lipari Necr. Contrada Diana T. 414,Olynthus XIII n 574
Lipari Necr. Contrada Diana T. 414,Meligunis-Lipara II p. 214 RF Local Skyphos Ovoid Two Horizontal Lines
Lipari Necr. Contrada Diana T. 178,Meligunis-Lipara II p. 212 RF Local Patera Palmette-Semicircles
Lipari Necr. Contrada Diana T. 178,Meligunis-Lipara II p. 219 note 29 bis
Lipari Necr. Contrada Diana T. 178,Meligunis-Lipara II p. 220 note 32
Lipari Necr. Contrada Diana T. 178,Olynthus XIII n 570
Lipari Necr. Contrada Diana T. 178,Olynthus XIII n 571
Lipari Necr. Contrada Diana T. 178,Olynthus XIII n 573
Lipari Necr. Contrada Diana T. 178,Olynthus XIII n 574
Lipari Necr. Contrada Diana T. 178,Meligunis-Lipara II p. 211 RF Attic Kylix Apodos
Lipari Necr. Contrada Diana T. 35,Meligunis-Lipara II p. 220 note 32
Lipari Necr. Contrada Diana T. 35,Olynthus XIII n 570
Lipari Necr. Contrada Diana T. 35,Olynthus XIII n 571
Lipari Necr. Contrada Diana T. 35,Olynthus XIII n 573
Lipari Necr. Contrada Diana T. 35,Olynthus XIII n 574
Lipari Necr. Contrada Diana T. 35,Meligunis-Lipara II p. 214 RF Local Skyphos Ovoid Two Horizontal Lines
Lipari Necr. Contrada Diana T. 35,Meligunis-Lipara II p. 226 BG Lekythos Min
Lipari Necr. Contrada Diana T. 438,Meligunis-Lipara II p. 220 note 32
Lipari Necr. Contrada Diana T. 438,Olynthus XIII n 570
Lipari Necr. Contrada Diana T. 438,Olynthus XIII n 571
Lipari Necr. Contrada Diana T. 438,Olynthus XIII n 573
Lipari Necr. Contrada Diana T. 438,Olynthus XIII n 574
Lipari Necr. Contrada Diana T. 438,Meligunis-Lipara II p. 223 RF Lekane decorative
Lipari Necr. Contrada Diana T. 438,Meligunis-Lipara II p. 226 BG Skyphos Globular
Lipari Necr. Contrada Diana T. 425,Meligunis-Lipara II p. 212 RF Attic Imitation Kylix
Lipari Necr. Contrada Diana T. 425,Meligunis-Lipara II p. 211 RF Attic Kylix Apodos
Lipari Necr. Contrada Diana T. 331,Meligunis-Lipara II p. 219 note 30
Lipari Necr. Contrada Diana T. 331,Olynthus XIII n 785
Lipari Necr. Contrada Diana T. 331,Olynthus XIII n 786
Lipari Necr. Contrada Diana T. 331,Olynthus XIII n 787
Lipari Necr. Contrada Diana T. 331,Meligunis-Lipara II p. 220 note 32
Lipari Necr. Contrada Diana T. 331,Olynthus XIII n 570
Lipari Necr. Contrada Diana T. 331,Olynthus XIII n 571
Lipari Necr. Contrada Diana T. 331,Olynthus XIII n 573
Lipari Necr. Contrada Diana T. 331,Olynthus XIII n 574
Lipari Necr. Contrada Diana T. 331,Meligunis-Lipara II p. 214 RF Local Skyphos Ovoid Two Horizontal Lines
Lipari Necr. Contrada Diana T. 331,Meligunis-Lipara II p. 226 Lamp ansa a nastro
Lipari Necr. Contrada Diana T. 171,Meligunis-Lipara II p. 219 note 29 bis
Lipari Necr. Contrada Diana T. 171,Meligunis-Lipara II p. 215 Olpe acroma
Lipari Necr. Contrada Diana T. 329,Meligunis-Lipara II p. 219 note 29 bis
Lipari Necr. Contrada Diana T. 329,Meligunis-Lipara II p. 220 note 32
Lipari Necr. Contrada Diana T. 329,Olynthus XIII n 570
Lipari Necr. Contrada Diana T. 329,Olynthus XIII n 571
Lipari Necr. Contrada Diana T. 329,Olynthus XIII n 573
Lipari Necr. Contrada Diana T. 329,Olynthus XIII n 574
Lipari Necr. Contrada Diana T. 329,Meligunis-Lipara II p. 226 Lamp ansa a nastro
Lipari Necr. Contrada Diana T. 330,Meligunis-Lipara II p. 220 note 32
Lipari Necr. Contrada Diana T. 330,Olynthus XIII n 570
Lipari Necr. Contrada Diana T. 330,Olynthus XIII n 571
Lipari Necr. Contrada Diana T. 330,Olynthus XIII n 573
Lipari Necr. Contrada Diana T. 330,Olynthus XIII n 574
Lipari Necr. Contrada Diana T. 330,Meligunis-Lipara II p. 214 RF Local Skyphos Ovoid Two Horizontal Lines
Lipari Necr. Contrada Diana T. 330,Meligunis-Lipara II p. 226 Lamp ansa a nastro
Lipari Necr. Contrada Diana T. 383,Meligunis-Lipara II p. 220 note 32
Lipari Necr. Contrada Diana T. 383,Olynthus XIII n 570
Lipari Necr. Contrada Diana T. 383,Olynthus XIII n 571
Lipari Necr. Contrada Diana T. 383,Olynthus XIII n 573
Lipari Necr. Contrada Diana T. 383,Olynthus XIII n 574
Lipari Necr. Contrada Diana T. 383,Meligunis-Lipara II p. 211 RF Attic Kylix 2nd Half of 5th c. BCE Palmettes-Semicircles
Lipari Necr. Contrada Diana T. 383,Meligunis-Lipara II p. 211 RF Attic Kylix 2nd Half of 5th c. BCE
Lipari Necr. Contrada Diana T. 149,Meligunis-Lipara II p. 223 RF Lekane decorative
Lipari Necr. Contrada Diana T. 149,Meligunis-Lipara II p. 225 BG Kylix Oldest Group
Lipari Necr. Contrada Diana T. 149,Meligunis-Lipara II p. 224 BG Kylix Variant 1
Lipari Necr. Contrada Diana T. 415,Meligunis-Lipara II p. 226 BG Skyphos Globular
Lipari Necr. Contrada Diana T. 28,Meligunis-Lipara II p. 223 RF Lekane decorative
Lipari Necr. Contrada Diana T. 28,Meligunis-Lipara II p. 226 RF Lekythos Ovoid
Lipari Necr. Contrada Diana T. 28,Meligunis-Lipara II p. 225 BG Kylix Oldest Group
Lipari Necr. Contrada Diana T. 28,Meligunis-Lipara II p. 224 BG Kylix Variant 1
Lipari Necr. Contrada Diana T. 28,Meligunis-Lipara II Table l (ell) decoration 1-6
Lipari Necr. Contrada Diana T. 28,Meligunis-Lipara II p. 223 Lekane Early 4th c. BCE
Lipari Necr. Contrada Diana T. 439,Meligunis-Lipara II p. 226 BG Skyphos Globular
Lipari Necr. Contrada Diana T. 439,Meligunis-Lipara II p. 226 BG Skyphos Globular Achromatic
Lipari Necr. Contrada Diana T. 439,Meligunis-Lipara II p. 215 Olpe acroma 336 439
Lipari Necr. Contrada Diana T. 159,Meligunis-Lipara II p. 225 BG Kylix Oldest Group
Lipari Necr. Contrada Diana T. 159,Meligunis-Lipara II p. 224 BG Kylix Variant 1
Lipari Necr. Contrada Diana T. 364,Meligunis-Lipara II p. 225 BG Kylix Oldest Group
Lipari Necr. Contrada Diana T. 364,Meligunis-Lipara II p. 224 BG Kylix Variant 1
Lipari Necr. Contrada Diana T. 437,Meligunis-Lipara II p. 225 BG Kylix Oldest Group
Lipari Necr. Contrada Diana T. 437,Meligunis-Lipara II p. 226 BG Skyphos Globular Achromatic
Lipari Necr. Contrada Diana T. 437,Meligunis-Lipara II p. 224 BG Kylix Variant 1
Lipari Necr. Contrada Diana T. 24,Meligunis-Lipara II p. 225 BG Kylix Oldest Group
Lipari Necr. Contrada Diana T. 24,Meligunis-Lipara II p. 226 BG Skyphos Globular
Lipari Necr. Contrada Diana T. 24,Meligunis-Lipara II p. 224 BG Kylix Variant 1
Lipari Necr. Contrada Diana T. 24,Meligunis-Lipara II Table l (ell) decoration 1-6
Lipari Necr. Contrada Diana T. 127,Meligunis-Lipara II p. 224 BG Kylix Variant 1
Lipari Necr. Contrada Diana T. 22 bis,Meligunis-Lipara II p. 224 BG Kylix Variant 1
Lipari Necr. Contrada Diana T. 440,Meligunis-Lipara II p. 224 BG Kylix Variant 1
Lipari Necr. Contrada Diana T. 102,Meligunis-Lipara II p. 224 BG Kylix Variant 1
Lipari Necr. Contrada Diana T. 102,Meligunis-Lipara II Table l (ell) decoration 1-6
Lipari Necr. Contrada Diana T. 266,Meligunis-Lipara II p. 224 BG Kylix Variant 1
Lipari Necr. Contrada Diana T. 266,Meligunis-Lipara II Table l (ell) decoration 1-6
Lipari Necr. Contrada Diana T. 333,Meligunis-Lipara II p. 220 note 32
Lipari Necr. Contrada Diana T. 333,Olynthus XIII n 570
Lipari Necr. Contrada Diana T. 333,Olynthus XIII n 571
Lipari Necr. Contrada Diana T. 333,Olynthus XIII n 573
Lipari Necr. Contrada Diana T. 333,Olynthus XIII n 574
Lipari Necr. Contrada Diana T. 333,Meligunis-Lipara II p. 214 RF Local Skyphos Ovoid Two Horizontal Lines
Lipari Necr. Contrada Diana T. 333,Gela Orlandini NS 1956 p. 296 fig. 10
Lipari Necr. Contrada Diana T. 333,Meligunis-Lipara II p. 212 RF Attic Imitation Kylix a calotta sferica
Lipari Necr. Contrada Diana T. 333,Meligunis-Lipara II p. 219 note 27
Lipari Necr. Contrada Diana T. 333,Meligunis-Lipara II p. 226 Lamp ansa a nastro
Lipari Necr. Contrada Diana T. 366,Meligunis-Lipara II p. 224 BG Kylix Variant 1
Lipari Necr. Contrada Diana T. 366,Meligunis-Lipara II p. 223 Lekane Early 4th c. BCE
Lipari Necr. Contrada Diana T. 336,Meligunis-Lipara II p. 212 RF Attic Imitation Kylix
Lipari Necr. Contrada Diana T. 336,Meligunis-Lipara II p. 226 BG Lekythos Min
Lipari Necr. Contrada Diana T. 336,Meligunis-Lipara II p. 226 BG Skyphos Globular
Lipari Necr. Contrada Diana T. 336,Meligunis-Lipara II p. 226 BG Skyphos Globular Achromatic
Lipari Necr. Contrada Diana T. 336,Meligunis-Lipara II p. 215 Olpe acroma 336 439
Lipari Necr. Contrada Diana T. 336,LAMP Howland 23A
Lipari Necr. Contrada Diana T. 336,Meligunis-Lipara II p. 220 note 39
Lipari Necr. Contrada Diana T. 336,LAMP Howland 23A’
Lipari Necr. Contrada Diana T. 336,Meligunis-Lipara II p. 226 Lamp ansa a nastro
Lipari Necr. Contrada Diana T. 332,Meligunis-Lipara II p. 211 RF Attic Kylix Apodos
Lipari Necr. Contrada Diana T. 332,Meligunis-Lipara II p. 226 BG Skyphos Globular
Lipari Necr. Contrada Diana T. 332,Meligunis-Lipara II p. 226 Lamp ansa a nastro
Lipari Necr. Contrada Diana T. 328,Meligunis-Lipara II p. 211 RF Attic Kylix Apodos
Lipari Necr. Contrada Diana T. 328,Meligunis-Lipara II p. 215 Olpe acroma
Lipari Necr. Contrada Diana T. 328,Meligunis-Lipara II p. 226 Lamp ansa a nastro
Lipari Necr. Contrada Diana T. 477,Meligunis-Lipara II p. 224 BG Kylix Variant 1
Lipari Necr. Contrada Diana T. 477,Meligunis-Lipara II p. 226 BG Skyphos Ovoid
Lipari Necr. Contrada Diana T. 27,Meligunis-Lipara II p. 223 Lekane Early 4th c. BCE
Lipari Necr. Contrada Diana T. 27,Melignuis Lipara II tav. LXXIX 6
Lipari Necr. Contrada Diana T. 27,Meligunis-Lipara II p. 224 BG Kylix Variant 2
Lipari Necr. Contrada Diana T. 306,Meligunis-Lipara II p. 211 RF Attic Kylix 2nd Half of 5th c. BCE Palmettes-Semicircles
Lipari Necr. Contrada Diana T. 306,LAMP Howland 23A
Lipari Necr. Contrada Diana T. 306,Meligunis-Lipara II p. 220 note 39
Lipari Necr. Contrada Diana T. 306,LAMP Howland 23A’
Lipari Necr. Contrada Diana T. 306,Meligunis-Lipara II p. 211 RF Attic Kylix 2nd Half of 5th c. BCE
Lipari Necr. Contrada Diana T. 306,Meligunis-Lipara II p. 226 Lamp ansa a nastro
Lipari Necr. Contrada Diana T. 74,Meligunis-Lipara II p. 224 BG Kylix Variant 1
Lipari Necr. Contrada Diana T. 74,Meligunis-Lipara II Table l (ell) decoration 1-6
Lipari Necr. Contrada Diana T. 74,Meligunis-Lipara II p. 225 BG Kylix Thick Border
Lipari Necr. Contrada Diana T. 74,Meligunis-Lipara II p. 225 BG Kylix Later Group
Lipari Necr. Contrada Diana T. 74,Meligunis-Lipara II p. 226 Lamp ansa a nastro
Lipari Necr. Contrada Diana T. 74,Melignuis Lipara II p 30 tab XC T. 74
Lipari Necr. Contrada Diana T. 227,Meligunis-Lipara II p. 225 BG Kylix Thick Border
Lipari Necr. Contrada Diana T. 86,Meligunis-Lipara II p. 225 BG Kylix Thick Border
Lipari Necr. Contrada Diana T. 86,Meligunis-Lipara II p. 226 Guttus
Lipari Necr. Contrada Diana T. 449,Meligunis-Lipara II p. 225 BG Kylix Thick Border
Lipari Necr. Contrada Diana T. 449,Meligunis-Lipara II p. 225 BG Kylix Later Group
Lipari Necr. Contrada Diana T. 70,Meligunis-Lipara II p. 226 Guttus
Lipari Necr. Contrada Diana T. 70,Meligunis-Lipara II p. 225 BG Kylix Later Group
Lipari Necr. Contrada Diana T. 70,Meligunis-Lipara II p. 226 BG Skyphos Ovoid
Lipari Necr. Contrada Diana T. 70,Lekythos Pagenstecher
Lipari Necr. Contrada Diana T. 407,Meligunis-Lipara II p. 225 BG Kylix Thick Border
Lipari Necr. Contrada Diana T. 407,Meligunis-Lipara II p. 226 Guttus
Lipari Necr. Contrada Diana T. 407,Meligunis-Lipara II p. 225 BG Kylix Later Group
Lipari Necr. Contrada Diana T. 407,LAMP Howland 25A’
Lipari Necr. Contrada Diana T. 407,Meligunis-Lipara II p. 228 note 13
Lipari Necr. Contrada Diana T. 407,Meligunis-Lipara II p. 226 Lamp echiniform
Lipari Necr. Contrada Diana T. 407,Meligunis-Lipara II p. 224 BG Kylix Variant 2
Lipari Necr. Contrada Diana T. 69,Meligunis-Lipara II p. 225 BG Kylix Thick Border
Lipari Necr. Contrada Diana T. 69,Lekythos Pagenstecher
Lipari Necr. Contrada Diana T. 69,Meligunis-Lipara II p. 224 BG Kylix Variant 2
Lipari Necr. Contrada Diana T. 408,Meligunis-Lipara II p. 225 BG Kylix Later Group
Lipari Necr. Contrada Diana T. 408,Meligunis Lipara II T. 408 tab. XCII 1b
Lipari Necr. Contrada Diana T. 408,Meligunis-Lipara II p. 224 BG Kylix Variant 2
Lipari Necr. Contrada Diana T. 199,Meligunis-Lipara II p. 226 Lamp echiniform
Lipari Necr. Contrada Diana T. 199,Meligunis-Lipara II p. 228 note 14
Lipari Necr. Contrada Diana T. 199,LAMP Houwland A
Lipari Necr. Contrada Diana T. 199,Meligunis-Lipara II p. 224 BG Kylix Variant 2
Lipari Necr. Contrada Diana T. 443 bis,Lekythos Pagenstecher
Lipari Necr. Contrada Diana T. 443 bis,Meligunis-Lipara II p. 226 Lamp a pilastrino
Lipari Necr. Contrada Diana T. 443 bis,Meligunis-Lipara II p. 224 BG Kylix Variant 2
Lipari Necr. Contrada Diana T. 243 bis,Meligunis-Lipara II p. 224 BG Kylix Variant 2
Lipari Necr. Contrada Diana T. 466,Meligunis-Lipara II p. 224 BG Kylix Variant 2
Lipari Necr. Contrada Diana T. 198,Meligunis-Lipara II p. 224 BG Kylix Variant 2
Lipari Necr. Contrada Diana T. 198,Meligunis-Lipara II p. 226 Lamp ansa a nastro
Lipari Necr. Contrada Diana T. 256,Meligunis-Lipara II p. 226 BG Skyphos Ovoid
Lipari Necr. Contrada Diana T. 256,Meligunis-Lipara II p. 224 BG Kylix Variant 2
Lipari Necr. Contrada Diana T. 256,Meligunis-Lipara II p. 226 Lamp ansa a nastro
Lipari Necr. Contrada Diana T. 256,Meligunis-Lipara II p. 226 BG Olpe Gnathian Precursor
Lipari Necr. Contrada Diana T. 324,Meligunis-Lipara II p. 226 Lamp ansa a nastro
Lipari Necr. Contrada Diana T. 335,Meligunis-Lipara II p. 226 Lamp ansa a nastro
Lipari Necr. Contrada Diana T. 230,Meligunis-Lipara II p. 224 BG Kylix Variant 2
Lipari Necr. Contrada Diana T. 230,Meligunis-Lipara II p. 226 Lamp ansa a nastro
Lipari Necr. Contrada Diana T. 230,Meligunis-Lipara II p. 226 BG Olpe Gnathian Precursor
Lipari Necr. Contrada Diana T. 230,Meligunis-Lipara II p. 234 Gnathian olpe ovoid
Lipari Necr. Contrada Diana T. 230,Gnathian
Leptis Magna - Theater Necr. T. 2 corredo secondario,Melignuis Lipara II p 30 tab XC T. 74
Leptis Magna - Theater Necr. T. 2 corredo secondario,Meligunis Lipara II p 225 fig 29
Leptis Magna - Theater Necr. T. 2 corredo secondario,"Melignuis Lipara II II tab 130.2, 131.1, 132.3 tab f.2"
Lipari Necr. Contrada Diana T. 223,Gela Orlandini NS 1956 p. 296 fig. 10
Lipari Necr. Contrada Diana T. 223,Meligunis-Lipara II p. 212 RF Attic Imitation Kylix a calotta sferica
Lipari Necr. Contrada Diana T. 223,Meligunis-Lipara II p. 219 note 27
Lipari Necr. Contrada Diana T. 223,Meligunis-Lipara II p. 232 Lekythos ovoidal
Lipari Necr. Contrada Diana T. 223,Meligunis-Lipara II p. 232 Bottle Lekythos
Lipari Necr. Contrada Diana T. 223,Meligunis-Lipara II p. 231 Pyxis Skyphoid
Lipari Necr. Contrada Diana T. 223,Meligunis-Lipara II p. 231 Lekane Head
Lipari Necr. Contrada Diana T. 314,Meligunis-Lipara II p. 226 Lamp ansa a nastro
Lipari Necr. Contrada Diana T. 314,Meligunis-Lipara II p. 232 Gnathian vine decoration
Lipari Necr. Contrada Diana T. 312,Meligunis-Lipara II p. 226 Lamp ansa a nastro
Lipari Necr. Contrada Diana T. 312,Meligunis-Lipara II p. 226 BG Olpe Gnathian Precursor
Lipari Necr. Contrada Diana T. 312,Meligunis-Lipara II p. 234 Gnathian olpe bocca a disco
Lipari Necr. Contrada Diana T. 312,Gnathian
Lipari Necr. Contrada Diana T. 323,Meligunis-Lipara II p. 226 Lamp ansa a nastro
Lipari Necr. Contrada Diana T. 323,Meligunis-Lipara II p. 235 Gnathian skyphos ovoid
Lipari Necr. Contrada Diana T. 323,Gnathian
Lipari Necr. Contrada Diana T. 313,Meligunis-Lipara II p. 226 Lamp ansa a nastro
Lipari Necr. Contrada Diana T. 313,Meligunis-Lipara II p. 232 Gnathian vine decoration
Lipari Necr. Contrada Diana T. 313,Lekanis Group sim
Lipari Necr. Contrada Diana T. 313,Meligunis-Lipara II p. 231 Lekane Figural
Lipari Necr. Contrada Diana T. 313,Meligunis-Lipara II p. 235 Gnathian kylix tipo fondo a orlo espanso
Lipari Necr. Contrada Diana T. 313,Meligunis-Lipara II p. 235 Gnathian skyphos ovoid
Lipari Necr. Contrada Diana T. 313,Gnathian
Lipari Necr. Contrada Diana T. 313,Meligunis-Lipara II p. 231 Lekane Head
Lipari Necr. Contrada Diana T. 313,Meligunis-Lipara II p. 241 note 10
Lipari Necr. Contrada Diana T. 309,Meligunis-Lipara II p. 226 Lamp ansa a nastro
Lipari Necr. Contrada Diana T. 309,Meligunis-Lipara II p. 232 Bottle Lekythos
Lipari Necr. Contrada Diana T. 309,Meligunis-Lipara II p. 233 Gnathian Ionic kymation decoration
Lipari Necr. Contrada Diana T. 309,Meligunis-Lipara II p. 231 Pyxis Skyphoid
Lipari Necr. Contrada Diana T. 309,Meligunis-Lipara II p. 231 Lekane Figural
Lipari Necr. Contrada Diana T. 309,Gnathian
Lipari Necr. Contrada Diana T. 309,Meligunis-Lipara II Table l (ell) decoration 7-20
Lipari Necr. Contrada Diana T. 309,Meligunis-Lipara II p. 236 decoration palmette in center
Lipari Necr. Contrada Diana T. 309,Meligunis-Lipara II p. 236 decoration baccellatura on rim
Lipari Necr. Contrada Diana T. 315,Meligunis-Lipara II p. 211 RF Attic Kylix 2nd Half of 5th c. BCE
Lipari Necr. Contrada Diana T. 315,Meligunis-Lipara II p. 226 Lamp ansa a nastro
Lipari Necr. Contrada Diana T. 315,Meligunis-Lipara II p. 247 BG Lamp tipo degenerato
Lipari Necr. Contrada Diana T. 72,"Melignuis Lipara II II tab 130.2, 131.1, 132.3 tab f.2"
Lipari Necr. Contrada Diana T. 72,Gnathian
Lipari Necr. Contrada Diana T. 72,Meligunis-Lipara II p. 235 Gnathian skyphos semiovoid
Lipari Necr. Contrada Diana T. 143,Meligunis-Lipara II p. 234 Gnathian olpe ovoid
Lipari Necr. Contrada Diana T. 143,Gnathian
Lipari Necr. Contrada Diana T. 143,Meligunis-Lipara II p. 235 Gnathian kylix tipo forma emisferica con orlo rientrante
Lipari Necr. Contrada Diana T. 451,Meligunis-Lipara II p. 232 Bottle Lekythos
Lipari Necr. Contrada Diana T. 451,Meligunis-Lipara II p. 232 Gnathian vine decoration
Lipari Necr. Contrada Diana T. 451,Meligunis-Lipara II p. 233 Gnathian white egg decoration
Lipari Necr. Contrada Diana T. 451,Gnathian
Lipari Necr. Contrada Diana T. 451,Meligunis-Lipara II p. 235 Gnathian kylix tipo forma emisferica con orlo rientrante
Lipari Necr. Contrada Diana T. 311 bis,"Melignuis Lipara II II tab 130.2, 131.1, 132.3 tab f.2"
Lipari Necr. Contrada Diana T. 311 bis,Gnathian
Lipari Necr. Contrada Diana T. 311 bis,Meligunis-Lipara II p. 235 patera with straight rim
Lipari Necr. Contrada Diana T. 311 bis,Meligunis-Lipara II p. 235 Gnathian skyphos semiovoid
Lipari Necr. Contrada Diana T. 292,Meligunis-Lipara II p. 234 Gnathian olpe ovoid
Lipari Necr. Contrada Diana T. 292,Gnathian
Lipari Necr. Contrada Diana T. 292,Meligunis-Lipara II p. 231 Lekane Head
Lipari Necr. Contrada Diana T. 450,Meligunis-Lipara II p. 232 Gnathian vine decoration
Lipari Necr. Contrada Diana T. 450,Gnathian
Lipari Necr. Contrada Diana T. 524,Meligunis-Lipara II p. 232 Gnathian vine decoration
Lipari Necr. Contrada Diana T. 524,Gnathian
Lipari Necr. Contrada Diana T. 144,"Melignuis Lipara II II tab 130.2, 131.1, 132.3 tab f.2"
Lipari Necr. Contrada Diana T. 144,Meligunis-Lipara II p. 231 Pyxis Skyphoid
Lipari Necr. Contrada Diana T. 144,Meligunis-Lipara II p. 231 Lekane Figural
Lipari Necr. Contrada Diana T. 144,Meligunis-Lipara II p. 231 Lekane exx 144 232 298
Lipari Necr. Contrada Diana T. 144,Meligunis-Lipara II Table l (ell) decoration 7-20
Lipari Necr. Contrada Diana T. 144,Meligunis-Lipara II p. 236 decoration palmette in center
Lipari Necr. Contrada Diana T. 509,Meligunis-Lipara II p. 232 Gnathian vine decoration
Lipari Necr. Contrada Diana T. 509,Meligunis-Lipara II p. 233 Gnathian white egg decoration
Lipari Necr. Contrada Diana T. 509,Gnathian
Lipari Necr. Contrada Diana T. 232,Meligunis-Lipara II p. 232 Bottle Lekythos
Lipari Necr. Contrada Diana T. 232,Meligunis-Lipara II p. 231 Pyxis Skyphoid
Lipari Necr. Contrada Diana T. 232,Meligunis-Lipara II p. 231 Lekane Figural
Lipari Necr. Contrada Diana T. 232,Meligunis-Lipara II p. 231 Lekane exx 144 232 298
Lipari Necr. Contrada Diana T. 232,Meligunis-Lipara II p. 231 Lekane Head
Lipari Necr. Contrada Diana T. 118,Meligunis-Lipara II p. 231 Pyxis Skyphoid
Lipari Necr. Contrada Diana T. 452,Meligunis-Lipara II p. 232 Gnathian vine decoration
Lipari Necr. Contrada Diana T. 452,Meligunis-Lipara II p. 235 Gnathian kylix tipo fondo a orlo espanso
Lipari Necr. Contrada Diana T. 452,Gnathian
Lipari Necr. Contrada Diana T. 452,Meligunis-Lipara II p. 235 patera with straight rim
Lipari Necr. Contrada Diana T. 413,Meligunis-Lipara II p. 232 Gnathian vine decoration
Lipari Necr. Contrada Diana T. 413,Gnathian
Lipari Necr. Contrada Diana T. 413,Meligunis-Lipara II p. 235 Gnathian skyphos semiovoid
Lipari Necr. Contrada Diana T. 409,Meligunis-Lipara II p. 232 Lekythos ovoidal
Lipari Necr. Contrada Diana T. 409,Meligunis-Lipara II p. 231 Pyxis Skyphoid
Lipari Necr. Contrada Diana T. 409,Meligunis-Lipara II p. 234 Gnathian olpe bocca a disco
Lipari Necr. Contrada Diana T. 409,Meligunis-Lipara II p. 231 Lekane Figural
Lipari Necr. Contrada Diana T. 409,Gnathian
Lipari Necr. Contrada Diana T. 409,Meligunis-Lipara II p. 235 patera with straight rim
Lipari Necr. Contrada Diana T. 409,Meligunis-Lipara II p. 235 Gnathian skyphos semiovoid
Lipari Necr. Contrada Diana T. 409,Meligunis-Lipara II p. 235 small patera trad from 5th c. BCE
Lipari Necr. Contrada Diana T. 116,Meligunis-Lipara II p. 234 Gnathian olpe bocca a disco
Lipari Necr. Contrada Diana T. 116,Meligunis-Lipara II p. 235 Gnathian kylix tipo fondo a orlo espanso
Lipari Necr. Contrada Diana T. 406,Meligunis-Lipara II p. 232 Gnathian vine decoration
Lipari Necr. Contrada Diana T. 406,Meligunis-Lipara II p. 235 Gnathian kylix tipo fondo a orlo espanso
Lipari Necr. Contrada Diana T. 406,Meligunis-Lipara II p. 235 Gnathian skyphos ovoid
Lipari Necr. Contrada Diana T. 406,Gnathian
Lipari Necr. Contrada Diana T. 406,Meligunis-Lipara II p. 235 patera with straight rim
Lipari Necr. Contrada Diana T. 441,Meligunis-Lipara II p. 231 Pyxis Skyphoid
Lipari Necr. Contrada Diana T. 441,Meligunis-Lipara II p. 233 Gnathian white egg decoration
Lipari Necr. Contrada Diana T. 402,Meligunis-Lipara II p. 232 Gnathian vine decoration
Lipari Necr. Contrada Diana T. 402,Gnathian
Lipari Necr. Contrada Diana T. 402,Meligunis-Lipara II p. 235 patera with straight rim
Lipari Necr. Contrada Diana T. 402,Meligunis-Lipara II p. 235 Gnathian kylix tipo forma emisferica con orlo rientrante
Lipari Necr. Contrada Diana T. 277,Lekanis Group sim
Lipari Necr. Contrada Diana T. 277,Meligunis-Lipara II p. 231 Lekane Figural
Lipari Necr. Contrada Diana T. 277,Meligunis-Lipara II p. 235 Gnathian skyphos ovoid
Lipari Necr. Contrada Diana T. 277,Gnathian
Lipari Necr. Contrada Diana T. 50,Meligunis-Lipara II p. 231 Pyxis Skyphoid
Lipari Necr. Contrada Diana T. 50,Meligunis-Lipara II p. 235 Gnathian kylix tipo fondo a orlo espanso
Lipari Necr. Contrada Diana T. 50,Gnathian
Lipari Necr. Contrada Diana T. 50,Meligunis-Lipara II p. 235 patera with straight rim
Lipari Necr. Contrada Diana T. 15,Meligunis-Lipara II p. 234 Gnathian olpe bocca a disco
Lipari Necr. Contrada Diana T. 15,Meligunis-Lipara II p. 235 Gnathian skyphos ovoid
Lipari Necr. Contrada Diana T. 15,Gnathian
Lipari Necr. Contrada Diana T. 298,Meligunis-Lipara II p. 232 Lekythos ovoidal
Lipari Necr. Contrada Diana T. 298,Meligunis-Lipara II p. 232 Bottle Lekythos
Lipari Necr. Contrada Diana T. 298,Meligunis-Lipara II p. 231 Pyxis Skyphoid
Lipari Necr. Contrada Diana T. 298,Meligunis-Lipara II p. 231 Lekane Figural
Lipari Necr. Contrada Diana T. 298,Meligunis-Lipara II p. 231 Lekane exx 144 232 298
Lipari Necr. Contrada Diana T. 298,Gnathian
Lipari Necr. Contrada Diana T. 298,Meligunis-Lipara II p. 235 Gnathian skyphos semiovoid
Lipari Necr. Contrada Diana T. 298,Meligunis-Lipara II Table l (ell) decoration 7-20
Lipari Necr. Contrada Diana T. 298,Meligunis-Lipara II p. 236 decoration palmette in center
Lipari Necr. Contrada Diana T. 298,Meligunis-Lipara II p. 236 decoration baccellatura on rim
Lipari Necr. Contrada Diana T. 246,Meligunis-Lipara II p. 235 Gnathian kylix tipo fondo a orlo espanso
Lipari Necr. Contrada Diana T. 246,Gnathian
Lipari Necr. Contrada Diana T. 453,Meligunis-Lipara II p. 234 Gnathian olpe bocca a disco
Lipari Necr. Contrada Diana T. 453,Meligunis-Lipara II p. 235 Gnathian skyphos ovoid
Lipari Necr. Contrada Diana T. 453,Gnathian
Lipari Necr. Contrada Diana T. 453,Meligunis-Lipara II p. 235 patera with straight rim
Lipari Necr. Contrada Diana T. 525,Meligunis-Lipara II p. 233 Gnathian white egg decoration
Lipari Necr. Contrada Diana T. 525,Gnathian
Lipari Necr. Contrada Diana T. 296,Meligunis-Lipara II p. 232 Gnathian vine decoration
Lipari Necr. Contrada Diana T. 296,Meligunis-Lipara II p. 234 Gnathian olpe bocca a disco
Lipari Necr. Contrada Diana T. 296,Gnathian
Lipari Necr. Contrada Diana T. 296,Meligunis-Lipara II p. 235 Gnathian kylix tipo forma emisferica con orlo rientrante
Lipari Necr. Contrada Diana T. 296,Meligunis-Lipara II p. 231 Lekane Head
Lipari Necr. Contrada Diana T. 137,Meligunis-Lipara II p. 234 Gnathian olpe bocca a disco
Lipari Necr. Contrada Diana T. 137,Gnathian
Lipari Necr. Contrada Diana T. 137,Meligunis-Lipara II p. 235 Gnathian kylix tipo forma emisferica con orlo rientrante
Lipari Necr. Contrada Diana T. 339,Meligunis-Lipara II p. 234 Gnathian olpe bocca a disco
Lipari Necr. Contrada Diana T. 339,Gnathian
Lipari Necr. Contrada Diana T. 339,Meligunis-Lipara II p. 235 Gnathian kylix tipo forma emisferica con orlo rientrante
Lipari Necr. Contrada Diana T. 247,Meligunis-Lipara II p. 235 Gnathian kylix tipo fondo a orlo espanso
Lipari Necr. Contrada Diana T. 247,Gnathian
Lipari Necr. Contrada Diana T. 247,Meligunis-Lipara II p. 235 patera with straight rim
Lipari Necr. Contrada Diana T. 269,Meligunis-Lipara II p. 235 Gnathian skyphos ovoid
Lipari Necr. Contrada Diana T. 229,Meligunis-Lipara II p. 235 Gnathian skyphos ovoid
Lipari Necr. Contrada Diana T. 229,Gnathian
Lipari Necr. Contrada Diana T. 297,Meligunis-Lipara II p. 235 Gnathian skyphos ovoid
Lipari Necr. Contrada Diana T. 297,Gnathian
Lipari Necr. Contrada Diana T. 44,Lekanis Group sim
Lipari Necr. Contrada Diana T. 44,Meligunis-Lipara II p. 235 Gnathian skyphos ovoid
Lipari Necr. Contrada Diana T. 44,Gnathian
Lipari Necr. Contrada Diana T. 44,Meligunis-Lipara II p. 235 patera with straight rim
Lipari Necr. Contrada Diana T. 44,Meligunis-Lipara II p. 240 note 6
Lipari Necr. Contrada Diana T. 44,RF Lipari Painter
Lipari Necr. Contrada Diana T. 184,Gnathian
Lipari Necr. Contrada Diana T. 184,Meligunis-Lipara II p. 235 patera with straight rim
Lipari Necr. Contrada Diana T. 184,Meligunis-Lipara II p. 235 Gnathian kylix tipo forma emisferica con orlo rientrante
Lipari Necr. Contrada Diana T. 421,Gnathian
Lipari Necr. Contrada Diana T. 421,Meligunis-Lipara II p. 235 Gnathian kylix tipo forma emisferica con orlo rientrante
Lipari Necr. Contrada Diana T. 465,Gnathian
Lipari Necr. Contrada Diana T. 465,Meligunis-Lipara II p. 235 Gnathian kylix tipo forma emisferica con orlo rientrante
Lipari Necr. Contrada Diana T. 196,Gnathian
Lipari Necr. Contrada Diana T. 196,Meligunis-Lipara II p. 235 Gnathian kylix tipo forma emisferica con orlo rientrante
Lipari Necr. Contrada Diana T. 412,Gnathian
Lipari Necr. Contrada Diana T. 412,Meligunis-Lipara II p. 235 Gnathian skyphos semiovoid
Lipari Necr. Contrada Diana T. 231,Gnathian
Lipari Necr. Contrada Diana T. 231,Meligunis-Lipara II p. 235 patera with straight rim
Lipari Necr. Contrada Diana T. 231,Meligunis-Lipara II p. 235 Gnathian kylix tipo forma emisferica con orlo rientrante
Lipari Necr. Contrada Diana T. 231,Meligunis-Lipara II Table l (ell) decoration 7-20
Lipari Necr. Contrada Diana T. 291,Meligunis-Lipara II p. 234 Gnathian olpe bocca a disco
Lipari Necr. Contrada Diana T. 291,Gnathian
Lipari Necr. Contrada Diana T. 291,Meligunis-Lipara II p. 231 Lekane Head
Lipari Necr. Contrada Diana T. 348,Meligunis-Lipara II p. 233 Gnathian Ionic kymation decoration
Lipari Necr. Contrada Diana T. 348,Gnathian
Lipari Necr. Contrada Diana T. 348,Meligunis-Lipara II p. 235 Gnathian kylix tipo forma emisferica con orlo rientrante
Lipari Necr. Contrada Diana T. 348,Meligunis-Lipara II p. 235 small patera trad from 5th c. BCE
Lipari Necr. Contrada Diana T. 275,Meligunis-Lipara II p. 234 Gnathian olpe bocca a disco
Lipari Necr. Contrada Diana T. 275,Meligunis-Lipara II p. 235 Gnathian skyphos ovoid
Lipari Necr. Contrada Diana T. 275,Gnathian
Lipari Necr. Contrada Diana T. 275,Meligunis-Lipara II p. 241 note 10
Lipari Necr. Contrada Diana T. 145,Gnathian
Lipari Necr. Contrada Diana T. 145,Meligunis-Lipara II p. 235 Gnathian kylix tipo forma emisferica con orlo rientrante
Lipari Necr. Contrada Diana T. 145,Meligunis-Lipara II p. 231 Lekane Head
Lipari Necr. Contrada Diana T. 340,Gnathian
Lipari Necr. Contrada Diana T. 340,Meligunis-Lipara II p. 235 Gnathian skyphos semiovoid
Lipari Necr. Contrada Diana T. 340,Meligunis-Lipara II p. 231 Lekane Head
Lipari Necr. Contrada Diana T. 136,Meligunis-Lipara II Table l (ell) decoration 7-20
Lipari Necr. Contrada Diana T. 136,Meligunis-Lipara II p. 236 decoration palmette in center
Lipari Necr. Contrada Diana T. 288,Meligunis-Lipara II Table l (ell) decoration 7-20
Lipari Necr. Contrada Diana T. 288,Meligunis-Lipara II p. 236 decoration palmette in center
Lipari Necr. Contrada Diana T. 388,Meligunis-Lipara II p. 234 Gnathian olpe bocca a disco
Lipari Necr. Contrada Diana T. 388,Gnathian
Lipari Necr. Contrada Diana T. 388,Meligunis-Lipara II p. 241 note 10
Lipari Necr. Contrada Diana T. 378,Meligunis-Lipara II p. 234 Gnathian olpe ovoid
Lipari Necr. Contrada Diana T. 378,Gnathian
Lipari Necr. Contrada Diana T. 378,Meligunis-Lipara II Table l (ell) decoration 7-20
Lipari Necr. Contrada Diana T. 378,Meligunis-Lipara II p. 236 decoration palmette in center
Lipari Necr. Contrada Diana T. 378,Meligunis-Lipara II p. 241 note 9
Lipari Necr. Contrada Diana T. 378,Meligunis-Lipara II p. 236 decoration baccellatura on rim
Lipari Necr. Contrada Diana T. 411,Meligunis-Lipara II p. 234 Gnathian olpe bocca a disco
Lipari Necr. Contrada Diana T. 411,Meligunis-Lipara II p. 231 Lekane Head
Lipari Necr. Contrada Diana T. 411,Meligunis-Lipara II p. 241 note 9
Lipari Necr. Contrada Diana T. 305,Meligunis-Lipara II p. 231 Lekane Figural
Lipari Necr. Contrada Diana T. 305,Meligunis-Lipara II p. 235 Gnathian skyphos ovoid
Lipari Necr. Contrada Diana T. 305,Gnathian
Lipari Necr. Contrada Diana T. 305,Meligunis-Lipara II Table l (ell) decoration 7-20
Lipari Necr. Contrada Diana T. 305,Meligunis-Lipara II p. 236 decoration palmette in center
Lipari Necr. Contrada Diana T. 305,Meligunis-Lipara II p. 241 note 9
Lipari Necr. Contrada Diana T. 305,Meligunis-Lipara II p. 236 decoration baccellatura on rim
Lipari Necr. Contrada Diana T. 240,Meligunis-Lipara II p. 231 Lekane Head
Lipari Necr. Contrada Diana T. 379,Gnathian
Lipari Necr. Contrada Diana T. 379,Meligunis-Lipara II p. 235 Gnathian skyphos semiovoid
Lipari Necr. Contrada Diana T. 379,Meligunis-Lipara II p. 236 decoration baccellatura on rim
Lipari Necr. Contrada Diana T. 276,Meligunis-Lipara II p. 235 small patera trad from 5th c. BCE
Lipari Necr. Contrada Diana T. 157,Meligunis-Lipara II Table l (ell) decoration 7-20
Lipari Necr. Contrada Diana T. 157,Meligunis-Lipara II p. 236 decoration palmette in center
Lipari Necr. Contrada Diana T. 157,Meligunis-Lipara II p. 236 decoration baccellatura on rim
Lipari Necr. Contrada Diana T. 273,Meligunis-Lipara II p. 235 Gnathian skyphos ovoid
Lipari Necr. Contrada Diana T. 273,Meligunis-Lipara II p. 235 small patera trad from 5th c. BCE
Lipari Necr. Contrada Diana T. 273,Meligunis-Lipara II p. 241 note 9
Lipari Necr. Contrada Diana T. 273,Meligunis-Lipara II p. 93 tab. CXXXV 1
Lipari Necr. Contrada Diana T. 403,Meligunis-Lipara II p. 231 Pyxis Skyphoid
Lipari Necr. Contrada Diana T. 403,Meligunis-Lipara II p. 241 note 10
Lipari Necr. Contrada Diana T. 403,Meligunis Lipara II p. 233 disegni
Lipari Necr. Contrada Diana T. 511,Meligunis-Lipara II p. 231 Lekane Head
Lipari Necr. Contrada Diana T. 511,Meligunis-Lipara II p. 244 kylix su alto peduccio
Leptis Magna - Theater Necr. T. 5 corredo fossa 5,Meligunis-Lipara II p. 93 tab. CXXXV 1
Leptis Magna - Theater Necr. T. 5 corredo fossa 5,Lipari Tomb 447 cf. Meligunis Lipara II tab. 210 2b
Lipari Necr. Contrada Diana T. 89 bis,Gnathian
Lipari Necr. Contrada Diana T. 89 bis,Meligunis-Lipara II p. 252 bottiglia a corpo tronco-conico
Lipari Necr. Contrada Diana T. 89 bis,Meligunis-Lipara II p. 245 pyxis a corpo emisferico
Lipari Necr. Contrada Diana T. 89 bis,Meligunis-Lipara II p. 247 unguentarium  forma a fuso
Lipari Necr. Contrada Diana T. 345,Meligunis-Lipara II p. 252 bottiglia a corpo tronco-conico
Lipari Necr. Contrada Diana T. 322,Meligunis-Lipara II p. 226 Lamp ansa a nastro
Lipari Necr. Contrada Diana T. 322,Meligunis-Lipara II p. 236 decoration baccellatura on rim
Lipari Necr. Contrada Diana T. 322,Meligunis-Lipara II p. 246 Mykai
Lipari Necr. Contrada Diana T. 322,Meligunis-Lipara II p. 244 kylix su alto peduccio
Lipari Necr. Contrada Diana T. 322,Meligunis-Lipara II p. 245 plate decorated rim
Lipari Necr. Contrada Diana T. 322,Meligunis-Lipara II p. 247 BG Lamp tipo a pilastrino
Lipari Necr. Contrada Diana T. 322,Meligunis-Lipara II p. 244 olpe tipo a orlo cadente
Lipari Necr. Contrada Diana T. 278,Meligunis Lipara II p. 233 disegni
Lipari Necr. Contrada Diana T. 278,Meligunis Lipara II p 278 tav 120
Lipari Necr. Contrada Diana T. 502,Meligunis Lipara II p. 233 disegni
Lipari Necr. Contrada Diana T. 502,Meligunis Lipara II p 278 tav 120
Lipari Necr. Contrada Diana T. 472 bis,Meligunis-Lipara II p. 247 unguentarium  forma a fuso
Lipari Necr. Contrada Diana T. 447,Lipari Tomb 447 cf. Meligunis Lipara II tab. 210 2b
Lipari Necr. Contrada Diana T. 447,Meligunis Lipara II p. 245 BG small patera
Lipari Necr. Contrada Diana T. 95,Meligunis-Lipara II p. 246 Mykai
Lipari Necr. Contrada Diana T. 476,Meligunis-Lipara II p. 245 pyxis a corpo emisferico
Lipari Necr. Contrada Diana T. 476,Meligunis-Lipara II p. 247 unguentarium  forma a fuso
Lipari Necr. Contrada Diana T. 476,Meligunis-Lipara II p. 247 BG Lamp tipo degenerato
Lipari Necr. Contrada Diana T. 476,Meligunis-Lipara II p. 246 Olpe acroma a corpo globulare
Lipari Necr. Contrada Diana T. 282,Meligunis-Lipara II p. 247 unguentarium  forma a fuso
Lipari Necr. Contrada Diana T. 282,Meligunis-Lipara II p. 247 BG Lamp tipo degenerato
Lipari Necr. Contrada Diana T. 282,Meligunis-Lipara II p. 244 kylix su alto peduccio
Lipari Necr. Contrada Diana T. 282,Meligunis-Lipara II p. 246 Olpe acroma a corpo globulare
Lipari Necr. Contrada Diana T. 342,Meligunis-Lipara II p. 244 kylix su alto peduccio
Lipari Necr. Contrada Diana T. 342,Meligunis-Lipara II p. 247 BG Lamp tipo a pilastrino
Lipari Necr. Contrada Diana T. 342,Meligunis-Lipara II p. 244 olpe tipo a orlo cadente
Lipari Necr. Contrada Diana T. 94,Meligunis-Lipara II p. 244 kylix su alto peduccio
Lipari Necr. Contrada Diana T. 94,Meligunis-Lipara II p. 247 BG Lamp tipo a pilastrino
Lipari Necr. Contrada Diana T. 94,Meligunis-Lipara II p. 244 olpe tipo a orlo cadente
Lipari Necr. Contrada Diana T. 132 bis,Meligunis-Lipara II p. 244 kylix su alto peduccio
Lipari Necr. Contrada Diana T. 132 bis,Meligunis-Lipara II p. 247 BG Lamp tipo a pilastrino
Lipari Necr. Contrada Diana T. 132 bis,Meligunis-Lipara II p. 244 olpe tipo a orlo cadente
Lipari Necr. Contrada Diana T. 445,Meligunis-Lipara II p. 247 BG Lamp tipo degenerato
Lipari Necr. Contrada Diana T. 445,Meligunis-Lipara II p. 246 Olpe acroma a corpo globulare
Lipari Necr. Contrada Diana T. 474,Meligunis-Lipara II p. 247 BG Lamp tipo degenerato
Lipari Necr. Contrada Diana T. 474,Meligunis-Lipara II p. 246 Olpe acroma a corpo globulare
Lipari Necr. Contrada Diana T. 475,Meligunis-Lipara II p. 247 BG Lamp tipo degenerato
Lipari Necr. Contrada Diana T. 475,Meligunis-Lipara II p. 246 Olpe acroma a corpo globulare
Lipari Necr. Contrada Diana T. 460,Meligunis-Lipara II p. 246 Mykai
Lipari Necr. Contrada Diana T. 460,Meligunis-Lipara II p. 247 BG Lamp tipo a pilastrino
Lipari Necr. Contrada Diana T. 460,Meligunis-Lipara II p. 244 olpe tipo a orlo cadente
Lipari Necr. Contrada Diana T. 460,Meligunis-Lipara II p. 244 skyphos-kantharos
Lipari Necr. Contrada Diana T. 459,Meligunis-Lipara II p. 244 kylix su alto peduccio
Lipari Necr. Contrada Diana T. 459,Meligunis-Lipara II p. 247 BG Lamp tipo a pilastrino
Lipari Necr. Contrada Diana T. 459,Meligunis-Lipara II p. 246 Olpe acroma a corpo globulare
Lipari Necr. Contrada Diana T. 344,Meligunis-Lipara II p. 245 plate decorated rim
Lipari Necr. Contrada Diana T. 344,Meligunis-Lipara II p. 247 BG Lamp tipo a pilastrino
Lipari Necr. Contrada Diana T. 344,Meligunis-Lipara II p. 244 olpe tipo a orlo cadente
Lipari Necr. Contrada Diana T. 344,Meligunis-Lipara II p. 244 skyphos-kantharos
Lipari Necr. Contrada Diana T. 158,Meligunis-Lipara II p. 244 olpe tipo a orlo cadente
Lipari Necr. Contrada Diana T. 287 bis,Meligunis-Lipara II p. 245 plate decorated rim
Lipari Necr. Contrada Diana T. 287 bis,Meligunis Lipara II p. 245 BG small patera
Lipari Necr. Contrada Diana T. 287 bis,Meligunis-Lipara II p. 244 olpe tipo a orlo cadente
Lipari Necr. Contrada Diana T. 287 bis,Meligunis-Lipara II p. 244 skyphos-kantharos
Lipari Necr. Contrada Diana T. 287 bis,Meligunis-Lipara II p. 245 guttus a corpo schiacciato
Lipari Necr. Contrada Diana T. 233 bis,Meligunis-Lipara II p. 247 BG Lamp tipo degenerato
Lipari Necr. Contrada Diana T. 233 bis,Meligunis-Lipara II p. 246 Olpe acroma a corpo globulare
Lipari Necr. Contrada Diana T. 233 bis,Meligunis-Lipara II p. 244 skyphos tipo rastremato alto
Leptis Magna - Theater Necr. T. 9 Level 1,Meligunis Lipara II p 278 tav 120
Leptis Magna - Theater Necr. T. 9 Level 1,Melignuis Lipara II tab 210 4c
Leptis Magna - Theater Necr. T. 9 Level 1,De Miro and Fiorentini 1977 p 68
Leptis Magna - Theater Necr. T. 9 Level 1,"Meligunis Lipara II t. 244, tab CCIX 2 75 XXXVIII 3"
Lipari Necr. Contrada Diana T. 38,Meligunis-Lipara II p. 247 BG Lamp tipo a pilastrino
Lipari Necr. Contrada Diana T. 38,Meligunis-Lipara II p. 244 olpe tipo a orlo cadente
Lipari Necr. Contrada Diana T. 38,Meligunis-Lipara II p. 247 BG Lamp corpo sferico-schiacciato acroma
Lipari Necr. Contrada Diana T. 38,LAMP Howland 28B
Lipari Necr. Contrada Diana T. 38,Meligunis-Lipara II p. 249 note 9
Lipari Necr. Contrada Diana T. 63,Meligunis-Lipara II p. 247 BG Lamp tipo degenerato
Lipari Necr. Contrada Diana T. 63,Meligunis-Lipara II p. 246 Olpe acroma a corpo globulare
Lipari Necr. Contrada Diana T. 63,Meligunis-Lipara II p. 244 skyphos tipo rastremato basso
Lipari Necr. Contrada Diana T. 63,Meligunis-Lipara II p. 244 skyphos tipo rastremato dipinto
Lipari Necr. Contrada Diana T. 63,Meligunis-Lipara II p. 253 coppa emisferica
Lipari Necr. Contrada Diana T. 458,Meligunis-Lipara II p. 244 olpe tipo a orlo cadente
Lipari Necr. Contrada Diana T. 458,Meligunis-Lipara II p. 244 skyphos-kantharos
Lipari Necr. Contrada Diana T. 458,De Miro and Fiorentini 1977 p 68
Lipari Necr. Contrada Diana T. 458,LAMP Howland 28B
Lipari Necr. Contrada Diana T. 458,Meligunis-Lipara II p. 249 note 9
Secca di Capistello,De Miro and Fiorentini 1977 p 68
Lipari Necr. Contrada Diana T. 488,Meligunis-Lipara II p. 244 kylix su alto peduccio
Lipari Necr. Contrada Diana T. 488,Meligunis-Lipara II p. 245 guttus a corpo schiacciato
Lipari Necr. Contrada Diana T. 488,Meligunis-Lipara II p. 247 BG Lamp corpo sferico-schiacciato acroma
Lipari Necr. Contrada Diana T. 488,LAMP Howland 28B
Lipari Necr. Contrada Diana T. 488,Meligunis-Lipara II p. 249 note 9
Lipari Necr. Contrada Diana T. 315 bis,Meligunis-Lipara II p. 246 Olpe acroma a corpo globulare
Lipari Necr. Contrada Diana T. 315 bis,Meligunis-Lipara II p. 244 skyphos tipo rastremato basso
Lipari Necr. Contrada Diana T. 315 bis,Meligunis-Lipara II p. 244 skyphos tipo rastremato dipinto
Lipari Necr. Contrada Diana T. 65,Meligunis-Lipara II p. 246 Olpe acroma a corpo globulare
Lipari Necr. Contrada Diana T. 65,Meligunis-Lipara II p. 244 skyphos tipo rastremato basso
Lipari Necr. Contrada Diana T. 65,Meligunis-Lipara II p. 244 skyphos tipo rastremato dipinto
Lipari Necr. Contrada Diana T. 283,Meligunis-Lipara II p. 246 Olpe acroma a corpo globulare
Lipari Necr. Contrada Diana T. 283,Meligunis-Lipara II p. 245 guttus a corpo schiacciato
Lipari Necr. Contrada Diana T. 283,Meligunis-Lipara II p. 244 skyphos tipo rastremato basso
Lipari Necr. Contrada Diana T. 283,Meligunis-Lipara II p. 244 skyphos tipo rastremato dipinto
Lipari Necr. Contrada Diana T. 283,Meligunis-Lipara II p. 247 BG Lamp corpo sferico-schiacciato acroma
Lipari Necr. Contrada Diana T. 283,LAMP Howland 28B
Lipari Necr. Contrada Diana T. 283,Meligunis-Lipara II p. 249 note 9
Lipari Necr. Contrada Diana T. 461,Meligunis-Lipara II p. 244 skyphos-kantharos
Lipari Necr. Contrada Diana T. 461,LAMP Howland 28B
Lipari Necr. Contrada Diana T. 461,Meligunis-Lipara II p. 249 note 9
Lipari Necr. Contrada Diana T. 442,Meligunis-Lipara II p. 246 Olpe acroma a corpo globulare
Lipari Necr. Contrada Diana T. 442,LAMP Howland 28B
Lipari Necr. Contrada Diana T. 442,Meligunis-Lipara II p. 249 note 9
Lipari Necr. Contrada Diana T. 442,Meligunis-Lipara II p. 244-5 Campanian A
Lipari Necr. Contrada Diana T. 442,BG Campanian A
Lipari Necr. Contrada Diana T. 444,Meligunis-Lipara II p. 244 skyphos-kantharos
Lipari Necr. Contrada Diana T. 444,"Meligunis Lipara II t. 244, tab CCIX 2 75 XXXVIII 3"
Lipari Necr. Contrada Diana T. 444,Meligunis-Lipara II p. 247 BG Lamp corpo sferico-schiacciato acroma
Lipari Necr. Contrada Diana T. 444,LAMP Howland 28B
Lipari Necr. Contrada Diana T. 444,Meligunis-Lipara II p. 249 note 9
Lipari Necr. Contrada Diana T. 444,Meligunis-Lipara II p. 244-5 Campanian A
Lipari Necr. Contrada Diana T. 444,BG Campanian A
Lipari Necr. Contrada Diana T. 472,Meligunis-Lipara II p. 244 skyphos tipo rastremato alto
Lipari Necr. Contrada Diana T. 472,Meligunis-Lipara II p. 244 skyphos tipo rastremato dipinto
Lipari Necr. Contrada Diana T. 472,Meligunis-Lipara II p. 247 BG Lamp corpo sferico-schiacciato acroma
Lipari Necr. Contrada Diana T. 472,LAMP Howland 28B
Lipari Necr. Contrada Diana T. 472,Meligunis-Lipara II p. 249 note 9
Lipari Necr. Contrada Diana T. 472,Meligunis-Lipara II p. 245 oinochoe piccola a corpo quasi fusiforme
Lipari Necr. Contrada Diana T. 491,Meligunis-Lipara II p. 247 BG Lamp corpo sferico-schiacciato acroma
Lipari Necr. Contrada Diana T. 491,LAMP Howland 28B
Lipari Necr. Contrada Diana T. 491,Meligunis-Lipara II p. 249 note 9
Lipari Necr. Contrada Diana T. 382,Meligunis-Lipara II p. 245 guttus a corpo schiacciato
Lipari Necr. Contrada Diana T. 382,Meligunis-Lipara II p. 244 skyphos tipo rastremato alto
Lipari Necr. Contrada Diana T. 382,LAMP Howland 28B
Lipari Necr. Contrada Diana T. 382,Meligunis-Lipara II p. 249 note 9
Lipari Necr. Contrada Diana T. 382,LAMP Howland 25 D’
Lipari Necr. Contrada Diana T. 382,Meligunis-Lipara II p. 249 note 8
Lipari Necr. Contrada Diana T. 341,Meligunis-Lipara II p. 253 coppa emisferica
Lipari Necr. Contrada Diana T. 471,Meligunis-Lipara II p. 253 coppa emisferica
Lipari Necr. Contrada Diana T. 99,Meligunis-Lipara II p. 253 coppa emisferica
Lipari Necr. Contrada Diana T. 131,Meligunis-Lipara II p. 253 coppa emisferica
Lipari Necr. Contrada Diana T. 285,BG Campanian A
Lipari Necr. Contrada Diana T. 285,BG Lamboglia 27
